Updated,Type,Module,Source,F/P,Data
2023-10-07 17:14:32,EMAILADDR,sfp_skymem,rockstargames.com,0,adam@rockstargames.com
2023-10-07 17:14:32,EMAILADDR,sfp_skymem,rockstargames.com,0,angus.wong@rockstargames.com
2023-10-07 17:14:32,EMAILADDR,sfp_skymem,rockstargames.com,0,deleteaccount@rockstargames.com
2023-10-07 17:14:32,EMAILADDR,sfp_skymem,rockstargames.com,0,fred.navarrete@rockstargames.com
2023-10-07 17:14:31,EMAILADDR,sfp_skymem,rockstargames.com,0,gtaonline@rockstargames.com
2023-10-07 17:14:32,EMAILADDR,sfp_skymem,rockstargames.com,0,gtaonlinebanhammer@rockstargames.com
2023-10-07 17:14:32,EMAILADDR,sfp_skymem,rockstargames.com,0,gtaonlinefeedback@rockstargames.com
2023-10-07 17:14:31,EMAILADDR,sfp_skymem,rockstargames.com,0,ifruitapplesupport@rockstargames.com
2023-10-07 17:14:32,EMAILADDR,sfp_skymem,rockstargames.com,0,ifruitwindowssupport@rockstargames.com
2023-10-07 17:14:32,EMAILADDR,sfp_skymem,rockstargames.com,0,jenn@rockstargames.com
2023-10-07 17:14:32,EMAILADDR,sfp_skymem,rockstargames.com,0,jordan@rockstargames.com
2023-10-07 17:14:32,EMAILADDR,sfp_skymem,rockstargames.com,0,karl.reader@rockstargames.com
2023-10-07 17:14:32,EMAILADDR,sfp_skymem,rockstargames.com,0,laura@rockstargames.com
2023-10-07 17:14:32,EMAILADDR,sfp_skymem,rockstargames.com,0,lossantoscustoms@rockstargames.com
2023-10-07 17:14:31,EMAILADDR,sfp_skymem,rockstargames.com,0,maxpayne_androidsupport@rockstargames.com
2023-10-07 17:14:31,EMAILADDR,sfp_skymem,rockstargames.com,0,mouthoff@rockstargames.com
2023-10-07 17:14:31,EMAILADDR,sfp_skymem,rockstargames.com,0,online@rockstargames.com
2023-10-07 17:16:40,EMAILADDR,sfp_grep_app,rockstargames.com,0,patrick.conroy@rockstargames.com
2023-10-07 17:16:40,EMAILADDR,sfp_grep_app,rockstargames.com,0,patrick@rockstargames.com
2023-10-07 17:14:31,EMAILADDR,sfp_skymem,rockstargames.com,0,pr@rockstargames.com
2023-10-07 17:14:31,EMAILADDR,sfp_skymem,rockstargames.com,0,rdrsupport@rockstargames.com
2023-10-07 17:14:32,EMAILADDR,sfp_skymem,rockstargames.com,0,sanandreaswindows8support@rockstargames.com
2023-10-07 17:14:32,EMAILADDR,sfp_skymem,rockstargames.com,0,store@rockstargames.com
2023-10-07 17:14:31,EMAILADDR,sfp_skymem,rockstargames.com,0,vicecity_androidsupport@rockstargames.com
2023-10-07 17:14:32,EMAILADDR,sfp_skymem,rockstargames.com,0,vicecityamazonsupport@rockstargames.com
2023-10-07 17:14:31,EMAILADDR,sfp_skymem,rockstargames.com,0,youmustacceptthelicenseavailableonline@rockstargames.com
